{
    "1": 2.718918918918919,
    "2": 3.1252941176470586,
    "3": 4.281621621621622,
    "4": 5.741899441340782,
    "5": 6.967934782608695,
    "6": 5.9308571428571435,
    "7": 5.092896174863388,
    "8": 4.58804347826087,
    "9": 3.801694915254237,
    "10": 3.578494623655914,
    "11": 3.389325842696629,
    "12": 2.7640718562874254
}