{
    "1": 2.3016129032258066,
    "2": 4.091176470588235,
    "3": 9.249462365591398,
    "4": 14.216111111111111,
    "5": 19.556451612903224,
    "6": 23.091111111111108,
    "7": 26.12043010752688,
    "8": 26.73945945945946,
    "9": 21.83277777777778,
    "10": 16.17043010752688,
    "11": 11.150555555555554,
    "12": 3.599462365591398
}