{
    "A": 12.103606960567406,
    "B": 0.01715138326341444,
    "C": -2.1423817169280777,
    "D": 60.482750632524564,
    "r2": 0.8119550612070057,
    "1": 46.69086021505376,
    "2": 52.611176470588234,
    "3": 54.54354838709678,
    "4": 53.43666666666667,
    "5": 55.09623655913978,
    "6": 68.33166666666666,
    "7": 75.61505376344086,
    "8": 75.64918918918919,
    "9": 77.21111111111111,
    "10": 66.27903225806452,
    "11": 53.64111111111111,
    "12": 45.46774193548387
}