{
    "1": 2.7005376344086023,
    "2": 2.568235294117647,
    "3": 2.443548387096774,
    "4": 2.4422222222222225,
    "5": 2.424731182795699,
    "6": 1.9433333333333334,
    "7": 1.7989247311827958,
    "8": 1.8048387096774192,
    "9": 1.8194444444444444,
    "10": 2.1161290322580646,
    "11": 2.5105555555555554,
    "12": 2.8521505376344085
}