{
    "A": 1.0109970927938967,
    "B": 0.01707745872836332,
    "C": -0.9732067852439349,
    "D": 2.9927936281547236,
    "r2": 0.8561244466842537,
    "1": 1.902162162162162,
    "2": 2.1823529411764704,
    "3": 2.996756756756757,
    "4": 4.021229050279329,
    "5": 4.912972972972973,
    "6": 4.148571428571429,
    "7": 3.567213114754098,
    "8": 3.2103260869565218,
    "9": 2.664406779661017,
    "10": 2.503225806451613,
    "11": 2.3685393258426966,
    "12": 1.9377245508982037
}