{
    "1": 7.870588235294118,
    "2": 8.084615384615384,
    "3": 6.954385964912281,
    "4": 8.402083333333334,
    "5": 7.84,
    "6": 13.058208955223881,
    "7": 12.23917525773196,
    "8": 17.16990291262136,
    "9": 21.335227272727273,
    "10": 19.236666666666668,
    "11": 6.086046511627907,
    "12": 12.869565217391305
}