{
    "A": 3.8106740630327787,
    "B": 0.01716790272456663,
    "C": -2.2088244863393456,
    "D": 4.555282542907916,
    "r2": 0.7159988222008189,
    "1": 1.0,
    "2": 1.611764705882353,
    "3": 2.1666666666666665,
    "4": 2.55,
    "5": 2.478494623655914,
    "6": 6.433333333333334,
    "7": 7.935483870967742,
    "8": 9.935483870967742,
    "9": 11.683333333333334,
    "10": 5.672043010752688,
    "11": 1.5169491525423728,
    "12": 1.2891891891891891
}