{
    "proportion": {
        "p": 0.3536401432073844,
        "m5": 168134.33705309234,
        "m6": 202989.73659155774,
        "m7": 84446.59045926404,
        "m8": 273306.7124095321,
        "m9": 177476.64709393508,
        "r_trend": 1.2250426066650243e-15,
        "v_trend": 5.524015219044205
    }
}