{
    "proportion": {
        "p": 0.36907240817915593,
        "m5": 184708.54025496021,
        "m6": 207237.23094238696,
        "m7": 99107.67863263162,
        "m8": 288261.8318158804,
        "m9": 194911.84101367622,
        "r_trend": 7.681410091586544e-16,
        "v_trend": 5.9600415841440215
    }
}