{
    "proportion": {
        "p": 0.9106560418598888,
        "m5": 366966.1106286122,
        "m6": 532830.630728507,
        "m7": 530524.0681273912,
        "m8": 819034.9585395001,
        "m9": 829849.5192542638,
        "r_trend": 1.0020350895044065e-15,
        "v_trend": 25.406960941564726
    }
}