{
    "proportion": {
        "p": 0.24543748885856811,
        "m5": 313907.92589858896,
        "m6": 259900.0873775391,
        "m7": 200431.94852044515,
        "m8": 362439.0496033366,
        "m9": 221896.28513731615,
        "r_trend": 2.2916052977765082e-15,
        "v_trend": 11.240321392031658
    }
}